{"block.piston.contract":{"sounds":[{"name":"tile\/piston\/in","volume":0.05}],"replace":true,"subtitle":"subtitles.block.piston.move"},"block.piston.extend":{"sounds":[{"name":"tile\/piston\/out","volume":0.05}],"replace":true,"subtitle":"subtitles.block.piston.move"},"block.portal.ambient":{"sounds":[{"attenuation_distance":10,"name":"portal\/portal","volume":0.05}],"replace":true,"subtitle":"subtitles.block.portal.ambient"},"block.portal.travel":{"sounds":[{"name":"portal\/travel","volume":0.05}],"replace":true},"block.portal.trigger":{"sounds":[{"name":"portal\/trigger","volume":0.05}],"replace":true,"subtitle":"subtitles.block.portal.trigger"},"ambient.underwater.enter":{"sounds":[{"name":"ambient\/underwater\/enter1","volume":0.025},{"name":"ambient\/underwater\/enter2","volume":0.025},{"name":"ambient\/underwater\/enter3","volume":0.025}],"replace":true},"ambient.underwater.exit":{"sounds":[{"name":"ambient\/underwater\/exit1","volume":0.015},{"name":"ambient\/underwater\/exit2","volume":0.015},{"name":"ambient\/underwater\/exit3","volume":0.015}],"replace":true},"ambient.underwater.loop":{"sounds":[{"name":"ambient\/underwater\/underwater_ambience","stream":true,"volume":0.0325}],"replace":true},"ambient.underwater.loop.additions":{"sounds":[{"name":"ambient\/underwater\/additions\/bubbles1","volume":0.05},{"name":"ambient\/underwater\/additions\/bubbles2","volume":0.05},{"name":"ambient\/underwater\/additions\/bubbles3","volume":0.05},{"name":"ambient\/underwater\/additions\/bubbles4","volume":0.05},{"name":"ambient\/underwater\/additions\/bubbles5","volume":0.05},{"name":"ambient\/underwater\/additions\/bubbles6","volume":0.05},{"name":"ambient\/underwater\/additions\/water1","volume":0.05},{"name":"ambient\/underwater\/additions\/water2","volume":0.05}],"replace":true},"ambient.underwater.loop.additions.rare":{"sounds":[{"name":"ambient\/underwater\/additions\/animal1","volume":0.0225},{"name":"ambient\/underwater\/additions\/bass_whale1","volume":0.0225},{"name":"ambient\/underwater\/additions\/bass_whale2","volume":0.025},{"name":"ambient\/underwater\/additions\/crackles1","volume":0.035},{"name":"ambient\/underwater\/additions\/crackles2","volume":0.05},{"name":"ambient\/underwater\/additions\/driplets1","volume":0.025},{"name":"ambient\/underwater\/additions\/driplets2","volume":0.025},{"name":"ambient\/underwater\/additions\/earth_crack","volume":0.05}],"replace":true},"ambient.underwater.loop.additions.ultra_rare":{"sounds":[{"name":"ambient\/underwater\/additions\/animal2","volume":0.05},{"name":"ambient\/underwater\/additions\/dark1","volume":0.05},{"name":"ambient\/underwater\/additions\/dark2","volume":0.035},{"name":"ambient\/underwater\/additions\/dark3","volume":0.05},{"name":"ambient\/underwater\/additions\/dark4","volume":0.05}],"replace":true},"block.pointed_dripstone.drip_water":{"sounds":[{"name":"block\/pointed_dripstone\/drip_water1","volume":0.05},{"name":"block\/pointed_dripstone\/drip_water2","volume":0.05},{"name":"block\/pointed_dripstone\/drip_water3","volume":0.05},{"name":"block\/pointed_dripstone\/drip_water4","volume":0.05},{"name":"block\/pointed_dripstone\/drip_water5","volume":0.05},{"name":"block\/pointed_dripstone\/drip_water6","volume":0.05},{"name":"block\/pointed_dripstone\/drip_water7","volume":0.05},{"name":"block\/pointed_dripstone\/drip_water8","volume":0.05},{"name":"block\/pointed_dripstone\/drip_water9","volume":0.05},{"name":"block\/pointed_dripstone\/drip_water10","volume":0.05},{"name":"block\/pointed_dripstone\/drip_water11","volume":0.05},{"name":"block\/pointed_dripstone\/drip_water12","volume":0.05},{"name":"block\/pointed_dripstone\/drip_water13","volume":0.05},{"name":"block\/pointed_dripstone\/drip_water14","volume":0.05},{"name":"block\/pointed_dripstone\/drip_water15","volume":0.05}],"replace":true,"subtitle":"subtitles.block.pointed_dripstone.drip_water"},"block.pointed_dripstone.drip_water_into_cauldron":{"sounds":[{"name":"block\/pointed_dripstone\/drip_water_cauldron1","volume":0.05},{"name":"block\/pointed_dripstone\/drip_water_cauldron2","volume":0.05},{"name":"block\/pointed_dripstone\/drip_water_cauldron3","volume":0.05},{"name":"block\/pointed_dripstone\/drip_water_cauldron4","volume":0.05},{"name":"block\/pointed_dripstone\/drip_water_cauldron5","volume":0.05},{"name":"block\/pointed_dripstone\/drip_water_cauldron6","volume":0.05},{"name":"block\/pointed_dripstone\/drip_water_cauldron7","volume":0.05},{"name":"block\/pointed_dripstone\/drip_water_cauldron8","volume":0.05}],"replace":true,"subtitle":"subtitles.block.pointed_dripstone.drip_water_into_cauldron"},"block.water.ambient":{"sounds":[{"name":"liquid\/water","volume":0.05}],"replace":true,"subtitle":"subtitles.block.water.ambient"},"entity.player.swim":{"sounds":[{"name":"liquid\/swim5","volume":0.05},{"name":"liquid\/swim6","volume":0.05},{"name":"liquid\/swim7","volume":0.05},{"name":"liquid\/swim8","volume":0.05},{"name":"liquid\/swim9","volume":0.05},{"name":"liquid\/swim10","volume":0.05},{"name":"liquid\/swim11","volume":0.05},{"name":"liquid\/swim12","volume":0.05},{"name":"liquid\/swim13","volume":0.05},{"name":"liquid\/swim14","volume":0.05},{"name":"liquid\/swim15","volume":0.05},{"name":"liquid\/swim16","volume":0.05},{"name":"liquid\/swim17","volume":0.05},{"name":"liquid\/swim18","volume":0.05}],"replace":true,"subtitle":"subtitles.entity.generic.swim"},"entity.player.burp":{"sounds":[{"name":"random\/burp","volume":0.05}],"replace":true,"subtitle":"subtitles.entity.player.burp"},"entity.generic.drink":{"sounds":[{"name":"random\/drink","volume":0.05}],"replace":true,"subtitle":"subtitles.entity.generic.drink"},"entity.generic.eat":{"sounds":[{"name":"random\/eat1","volume":0.05},{"name":"random\/eat2","volume":0.05},{"name":"random\/eat3","volume":0.05}],"replace":true,"subtitle":"subtitles.entity.generic.eat"},"block.dispenser.dispense":{"sounds":[{"name":"random\/click","volume":0.05}],"replace":true,"subtitle":"subtitles.block.dispenser.dispense"},"block.dispenser.fail":{"sounds":[{"name":"random\/click","volume":0.05}],"replace":true,"subtitle":"subtitles.block.dispenser.fail"},"block.dispenser.launch":{"sounds":[{"name":"random\/bow","volume":0.05}],"replace":true,"subtitle":"subtitles.block.dispenser.dispense"},"entity.minecart.inside":{"sounds":[{"name":"minecart\/inside","volume":0.05}],"replace":true},"entity.minecart.inside.underwater":{"sounds":[{"name":"minecart\/inside_underwater1","volume":0.05},{"name":"minecart\/inside_underwater2","volume":0.05},{"name":"minecart\/inside_underwater3","volume":0.05}],"replace":true},"entity.minecart.riding":{"sounds":[{"name":"minecart\/base","volume":0.05}],"replace":true,"subtitle":"subtitles.entity.minecart.riding"},"item.flintandsteel.use":{"sounds":[{"name":"fire\/ignite","volume":0.05}],"replace":true,"subtitle":"subtitles.item.flintandsteel.use"},"entity.generic.extinguish_fire":{"sounds":[{"name":"random\/fizz","volume":0.05}],"replace":true,"subtitle":"subtitles.entity.generic.extinguish_fire"},"block.fire.extinguish":{"sounds":[{"name":"random\/fizz","volume":0.05}],"replace":true,"subtitle":"subtitles.block.fire.extinguish"},"entity.player.hurt_on_fire":{"sounds":[{"name":"entity\/player\/hurt\/fire_hurt1","volume":0.05},{"name":"entity\/player\/hurt\/fire_hurt2","volume":0.05},{"name":"entity\/player\/hurt\/fire_hurt3","volume":0.05}],"replace":true,"subtitle":"subtitles.entity.player.hurt_on_fire"},"block.fire.ambient":{"sounds":[{"name":"fire\/fire","volume":0.05}],"replace":true,"subtitle":"subtitles.block.fire.ambient"},"entity.lightning_bolt.thunder":{"sounds":[{"name":"ambient\/weather\/thunder1","volume":0.05},{"name":"ambient\/weather\/thunder2","volume":0.05},{"name":"ambient\/weather\/thunder3","volume":0.05}],"replace":true,"subtitle":"subtitles.entity.lightning_bolt.thunder"},"item.trident.thunder":{"sounds":[{"name":"item\/trident\/thunder1","volume":0.05},{"name":"item\/trident\/thunder2","volume":0.05}],"replace":true,"subtitle":"subtitles.item.trident.thunder"},"weather.rain":{"sounds":[{"name":"ambient\/weather\/rain1","volume":0.05},{"name":"ambient\/weather\/rain2","volume":0.05},{"name":"ambient\/weather\/rain3","volume":0.05},{"name":"ambient\/weather\/rain4","volume":0.05},{"name":"ambient\/weather\/rain5","volume":0.05},{"name":"ambient\/weather\/rain6","volume":0.05},{"name":"ambient\/weather\/rain7","volume":0.05},{"name":"ambient\/weather\/rain8","volume":0.05}],"replace":true,"subtitle":"subtitles.weather.rain"},"weather.rain.above":{"sounds":[{"name":"ambient\/weather\/rain1","volume":0.05},{"name":"ambient\/weather\/rain2","volume":0.05},{"name":"ambient\/weather\/rain3","volume":0.05},{"name":"ambient\/weather\/rain4","volume":0.05}],"replace":true,"subtitle":"subtitles.weather.rain"},"entity.goat.ambient":{"sounds":[{"name":"mob\/goat\/idle1","volume":0.041},{"name":"mob\/goat\/idle2","volume":0.041},{"name":"mob\/goat\/idle3","volume":0.042},{"name":"mob\/goat\/idle4","volume":0.042},{"name":"mob\/goat\/idle5","volume":0.042},{"name":"mob\/goat\/idle6","volume":0.042},{"name":"mob\/goat\/idle7","volume":0.042},{"name":"mob\/goat\/idle8","volume":0.042}],"replace":true,"subtitle":"subtitles.entity.goat.ambient"},"entity.goat.death":{"sounds":[{"name":"mob\/goat\/death1","volume":0.0325},{"name":"mob\/goat\/death2","volume":0.0325},{"name":"mob\/goat\/death3","volume":0.0325},{"name":"mob\/goat\/death4","volume":0.0325},{"name":"mob\/goat\/death5","volume":0.0325}],"replace":true,"subtitle":"subtitles.entity.goat.death"},"entity.goat.eat":{"sounds":[{"name":"mob\/goat\/eat1","volume":0.05},{"name":"mob\/goat\/eat2","volume":0.05},{"name":"mob\/goat\/eat3","volume":0.05}],"replace":true,"subtitle":"subtitles.entity.goat.eat"},"entity.goat.horn_break":{"sounds":[{"name":"mob\/goat\/horn_break1","volume":0.045},{"name":"mob\/goat\/horn_break2","volume":0.045},{"name":"mob\/goat\/horn_break3","volume":0.045},{"name":"mob\/goat\/horn_break4","volume":0.045}],"replace":true,"subtitle":"subtitles.entity.goat.horn_break"},"entity.goat.hurt":{"sounds":[{"name":"mob\/goat\/hurt1","volume":0.0325},{"name":"mob\/goat\/hurt2","volume":0.0325},{"name":"mob\/goat\/hurt3","volume":0.0325},{"name":"mob\/goat\/hurt4","volume":0.0325}],"replace":true,"subtitle":"subtitles.entity.goat.hurt"},"entity.goat.long_jump":{"sounds":[{"name":"mob\/goat\/jump1","volume":0.04},{"name":"mob\/goat\/jump1","pitch":0.8,"volume":0.04},{"name":"mob\/goat\/jump2","volume":0.04},{"name":"mob\/goat\/jump2","pitch":0.8,"volume":0.04}],"replace":true,"subtitle":"subtitles.entity.goat.long_jump"},"entity.goat.milk":{"sounds":[{"name":"mob\/mooshroom\/milk1","volume":0.05},{"name":"mob\/mooshroom\/milk2","volume":0.05},{"name":"mob\/mooshroom\/milk3","volume":0.05}],"replace":true,"subtitle":"subtitles.entity.goat.milk"},"entity.goat.prepare_ram":{"sounds":[{"name":"mob\/goat\/pre_ram1","volume":0.04},{"name":"mob\/goat\/pre_ram2","volume":0.04},{"name":"mob\/goat\/pre_ram3","volume":0.04},{"name":"mob\/goat\/pre_ram4","volume":0.04}],"replace":true,"subtitle":"subtitles.entity.goat.prepare_ram"},"entity.goat.ram_impact":{"sounds":[{"name":"mob\/goat\/impact1","volume":0.04},{"name":"mob\/goat\/impact2","volume":0.04},{"name":"mob\/goat\/impact2","volume":0.04}],"replace":true,"subtitle":"subtitles.entity.goat.ram_impact"},"entity.goat.screaming.ambient":{"sounds":[{"name":"mob\/goat\/idle1","volume":0.041},{"name":"mob\/goat\/idle2","volume":0.041},{"name":"mob\/goat\/idle3","volume":0.042},{"name":"mob\/goat\/idle4","volume":0.042},{"name":"mob\/goat\/idle5","volume":0.042},{"name":"mob\/goat\/idle6","volume":0.042},{"name":"mob\/goat\/idle7","volume":0.0415},{"name":"mob\/goat\/idle8","volume":0.042},{"name":"mob\/goat\/scream1","volume":0.045},{"name":"mob\/goat\/scream2","volume":0.045},{"name":"mob\/goat\/scream3","volume":0.045},{"name":"mob\/goat\/scream4","volume":0.045},{"name":"mob\/goat\/scream5","volume":0.045},{"name":"mob\/goat\/scream6","volume":0.045},{"name":"mob\/goat\/scream7","volume":0.045},{"name":"mob\/goat\/scream8","volume":0.045},{"name":"mob\/goat\/scream9","volume":0.045}],"replace":true,"subtitle":"subtitles.entity.goat.screaming.ambient"},"entity.goat.screaming.death":{"sounds":[{"name":"mob\/goat\/screaming_death1","volume":0.0325},{"name":"mob\/goat\/screaming_death2","volume":0.0325},{"name":"mob\/goat\/screaming_death3","volume":0.0325}],"replace":true,"subtitle":"subtitles.entity.goat.death"},"entity.goat.screaming.eat":{"sounds":[{"name":"mob\/goat\/eat1","volume":0.05},{"name":"mob\/goat\/eat2","volume":0.05},{"name":"mob\/goat\/eat3","volume":0.05}],"replace":true,"subtitle":"subtitles.entity.goat.eat"},"entity.goat.screaming.hurt":{"sounds":[{"name":"mob\/goat\/screaming_hurt1","volume":0.0325},{"name":"mob\/goat\/screaming_hurt2","volume":0.0325},{"name":"mob\/goat\/screaming_hurt3","volume":0.0325}],"replace":true,"subtitle":"subtitles.entity.goat.hurt"},"entity.goat.screaming.long_jump":{"sounds":[{"name":"mob\/goat\/jump1","volume":0.04},{"name":"mob\/goat\/jump1","pitch":0.8,"volume":0.04},{"name":"mob\/goat\/jump2","volume":0.04},{"name":"mob\/goat\/jump2","pitch":0.8,"volume":0.04}],"replace":true,"subtitle":"subtitles.entity.goat.long_jump"},"entity.goat.screaming.milk":{"sounds":[{"name":"mob\/goat\/screaming_milk1","volume":0.05},{"name":"mob\/goat\/screaming_milk2","volume":0.05},{"name":"mob\/goat\/screaming_milk3","volume":0.05},{"name":"mob\/goat\/screaming_milk4","volume":0.05},{"name":"mob\/goat\/screaming_milk5","volume":0.05}],"replace":true,"subtitle":"subtitles.entity.goat.milk"},"entity.goat.screaming.prepare_ram":{"sounds":[{"name":"mob\/goat\/screaming_pre_ram1","volume":0.04},{"name":"mob\/goat\/screaming_pre_ram2","volume":0.04},{"name":"mob\/goat\/screaming_pre_ram3","volume":0.04},{"name":"mob\/goat\/screaming_pre_ram4","volume":0.04},{"name":"mob\/goat\/screaming_pre_ram5","volume":0.04}],"replace":true,"subtitle":"subtitles.entity.goat.prepare_ram"},"entity.goat.screaming.ram_impact":{"sounds":[{"name":"mob\/goat\/impact1","volume":0.04},{"name":"mob\/goat\/impact2","volume":0.04},{"name":"mob\/goat\/impact2","volume":0.04}],"replace":true,"subtitle":"subtitles.entity.goat.ram_impact"},"entity.goat.step":{"sounds":[{"name":"mob\/goat\/step1","volume":0.05},{"name":"mob\/goat\/step2","volume":0.05},{"name":"mob\/goat\/step3","volume":0.05},{"name":"mob\/goat\/step4","volume":0.05},{"name":"mob\/goat\/step5","volume":0.05},{"name":"mob\/goat\/step6","volume":0.05}],"replace":true,"subtitle":"subtitles.block.generic.footsteps"},"entity.pig.ambient":{"sounds":[{"name":"mob\/pig\/say1","volume":0.05},{"name":"mob\/pig\/say2","volume":0.05},{"name":"mob\/pig\/say3","volume":0.05}],"replace":true,"subtitle":"subtitles.entity.pig.ambient"},"entity.pig.death":{"sounds":[{"name":"mob\/pig\/death","volume":0.05}],"replace":true,"subtitle":"subtitles.entity.pig.death"},"entity.pig.hurt":{"sounds":[{"name":"mob\/pig\/say1","volume":0.05},{"name":"mob\/pig\/say2","volume":0.05},{"name":"mob\/pig\/say3","volume":0.05}],"replace":true,"subtitle":"subtitles.entity.pig.hurt"},"entity.pig.saddle":{"sounds":[{"name":"mob\/horse\/leather","volume":0.05}],"replace":true,"subtitle":"subtitles.entity.pig.saddle"},"entity.pig.step":{"sounds":[{"name":"mob\/pig\/step1","volume":0.05},{"name":"mob\/pig\/step2","volume":0.05},{"name":"mob\/pig\/step3","volume":0.05},{"name":"mob\/pig\/step4","volume":0.05},{"name":"mob\/pig\/step5","volume":0.05}],"replace":true,"subtitle":"subtitles.block.generic.footsteps"},"entity.sheep.ambient":{"sounds":[{"name":"mob\/sheep\/say1","volume":0.05},{"name":"mob\/sheep\/say2","volume":0.05},{"name":"mob\/sheep\/say3","volume":0.05}],"replace":true,"subtitle":"subtitles.entity.sheep.ambient"},"entity.sheep.death":{"sounds":["mob\/sheep\/say1","mob\/sheep\/say2","mob\/sheep\/say3"],"subtitle":"subtitles.entity.sheep.death"},"entity.sheep.hurt":{"sounds":[{"name":"mob\/sheep\/say1","volume":0.05},{"name":"mob\/sheep\/say2","volume":0.05},{"name":"mob\/sheep\/say3","volume":0.05}],"replace":true,"subtitle":"subtitles.entity.sheep.hurt"},"entity.sheep.shear":{"sounds":[{"name":"mob\/sheep\/shear","volume":0.05}],"replace":true,"subtitle":"subtitles.item.shears.shear"},"entity.sheep.step":{"sounds":[{"name":"mob\/sheep\/step1","volume":0.05},{"name":"mob\/sheep\/step2","volume":0.05},{"name":"mob\/sheep\/step3","volume":0.05},{"name":"mob\/sheep\/step4","volume":0.05},{"name":"mob\/sheep\/step5","volume":0.05}],"replace":true,"subtitle":"subtitles.block.generic.footsteps"},"entity.villager.ambient":{"sounds":[{"name":"mob\/villager\/idle1","volume":0.05},{"name":"mob\/villager\/idle2","volume":0.05},{"name":"mob\/villager\/idle3","volume":0.05}],"replace":true,"subtitle":"subtitles.entity.villager.ambient"},"entity.villager.celebrate":{"sounds":[{"name":"mob\/villager\/yes1","volume":0.05},{"name":"mob\/villager\/yes2","volume":0.05},{"name":"mob\/villager\/yes3","volume":0.05}],"replace":true,"subtitle":"subtitles.entity.villager.celebrate"},"entity.villager.death":{"sounds":[{"name":"mob\/villager\/death","volume":0.05}],"replace":true,"subtitle":"subtitles.entity.villager.death"},"entity.villager.hurt":{"sounds":[{"name":"mob\/villager\/hit1","volume":0.05},{"name":"mob\/villager\/hit2","volume":0.05},{"name":"mob\/villager\/hit3","volume":0.05},{"name":"mob\/villager\/hit4","volume":0.05}],"replace":true,"subtitle":"subtitles.entity.villager.hurt"},"entity.villager.no":{"sounds":[{"name":"mob\/villager\/no1","volume":0.05},{"name":"mob\/villager\/no2","volume":0.05},{"name":"mob\/villager\/no3","volume":0.05}],"replace":true,"subtitle":"subtitles.entity.villager.no"},"entity.villager.trade":{"sounds":[{"name":"mob\/villager\/haggle1","volume":0.05},{"name":"mob\/villager\/haggle2","volume":0.05},{"name":"mob\/villager\/haggle3","volume":0.05}],"replace":true,"subtitle":"subtitles.entity.villager.trade"},"entity.villager.work_armorer":{"sounds":[{"name":"block\/blastfurnace\/blastfurnace1","volume":0.05},{"name":"block\/blastfurnace\/blastfurnace2","volume":0.05},{"name":"block\/blastfurnace\/blastfurnace3","volume":0.05},{"name":"block\/blastfurnace\/blastfurnace4","volume":0.05},{"name":"block\/blastfurnace\/blastfurnace5","volume":0.05}],"replace":true,"subtitle":"subtitles.entity.villager.work_armorer"},"entity.villager.work_butcher":{"sounds":[{"name":"block\/smoker\/smoker1","volume":0.05},{"name":"block\/smoker\/smoker2","volume":0.05},{"name":"block\/smoker\/smoker3","volume":0.05},{"name":"block\/smoker\/smoker4","volume":0.05},{"name":"block\/smoker\/smoker5","volume":0.05}],"replace":true,"subtitle":"subtitles.entity.villager.work_butcher"},"entity.villager.work_cartographer":{"sounds":[{"name":"ui\/cartography_table\/drawmap1","volume":0.05},{"name":"ui\/cartography_table\/drawmap2","volume":0.05},{"name":"ui\/cartography_table\/drawmap3","volume":0.05}],"replace":true,"subtitle":"subtitles.entity.villager.work_cartographer"},"entity.villager.work_cleric":{"sounds":[{"name":"block\/brewing_stand\/brew1","volume":0.05},{"name":"block\/brewing_stand\/brew2","volume":0.05}],"replace":true,"subtitle":"subtitles.entity.villager.work_cleric"},"entity.villager.work_farmer":{"sounds":[{"name":"block\/composter\/fill_success1","volume":0.05},{"name":"block\/composter\/fill_success2","volume":0.05},{"name":"block\/composter\/fill_success3","volume":0.05},{"name":"block\/composter\/fill_success4","volume":0.05}],"replace":true,"subtitle":"subtitles.entity.villager.work_farmer"},"entity.villager.work_fisherman":{"sounds":[{"name":"block\/barrel\/open1","volume":0.05},{"name":"block\/barrel\/open2","volume":0.05}],"replace":true,"subtitle":"subtitles.entity.villager.work_fisherman"},"entity.villager.work_fletcher":{"sounds":[{"name":"block\/fletching_table\/fletching_table1","volume":0.05},{"name":"block\/fletching_table\/fletching_table2","volume":0.05}],"replace":true,"subtitle":"subtitles.entity.villager.work_fletcher"},"entity.villager.work_leatherworker":{"sounds":[{"name":"block\/cauldron\/dye1","volume":0.045},{"name":"block\/cauldron\/dye2","volume":0.045},{"name":"block\/cauldron\/dye3","volume":0.045}],"replace":true,"subtitle":"subtitles.entity.villager.work_leatherworker"},"entity.villager.work_librarian":{"sounds":[{"name":"item\/book\/open_flip1","volume":0.1},{"name":"item\/book\/open_flip2","volume":0.1},{"name":"item\/book\/open_flip3","volume":0.1}],"replace":true,"subtitle":"subtitles.entity.villager.work_librarian"},"entity.villager.work_mason":{"sounds":[{"name":"ui\/stonecutter\/cut1","pitch":0.92,"volume":0.05},{"name":"ui\/stonecutter\/cut1","volume":0.05},{"name":"ui\/stonecutter\/cut2","pitch":0.92,"volume":0.05},{"name":"ui\/stonecutter\/cut2","volume":0.05}],"replace":true,"subtitle":"subtitles.entity.villager.work_mason"},"entity.villager.work_shepherd":{"sounds":[{"name":"ui\/loom\/take_result1","volume":0.025},{"name":"ui\/loom\/take_result2","volume":0.025}],"replace":true,"subtitle":"subtitles.entity.villager.work_shepherd"},"entity.villager.work_toolsmith":{"sounds":[{"name":"block\/smithing_table\/smithing_table1","volume":0.05},{"name":"block\/smithing_table\/smithing_table2","volume":0.05},{"name":"block\/smithing_table\/smithing_table3","volume":0.05}],"replace":true,"subtitle":"subtitles.entity.villager.work_toolsmith"},"entity.villager.work_weaponsmith":{"sounds":[{"name":"block\/grindstone\/grindstone1","volume":0.025},{"name":"block\/grindstone\/grindstone2","volume":0.025},{"name":"block\/grindstone\/grindstone3","volume":0.025}],"replace":true,"subtitle":"subtitles.entity.villager.work_weaponsmith"},"entity.villager.yes":{"sounds":[{"name":"mob\/villager\/yes1","volume":0.025},{"name":"mob\/villager\/yes2","volume":0.025},{"name":"mob\/villager\/yes3","volume":0.025}],"replace":true,"subtitle":"subtitles.entity.villager.yes"},"entity.wandering_trader.ambient":{"sounds":[{"name":"mob\/wandering_trader\/idle1","volume":0.05},{"name":"mob\/wandering_trader\/idle2","volume":0.05},{"name":"mob\/wandering_trader\/idle3","volume":0.05},{"name":"mob\/wandering_trader\/idle4","volume":0.05},{"name":"mob\/wandering_trader\/idle5","volume":0.05}],"replace":true,"subtitle":"subtitles.entity.wandering_trader.ambient"},"entity.wandering_trader.death":{"sounds":[{"name":"mob\/wandering_trader\/death","volume":0.05}],"replace":true,"subtitle":"subtitles.entity.wandering_trader.death"},"entity.wandering_trader.disappeared":{"sounds":[{"name":"mob\/wandering_trader\/disappeared1","volume":0.04},{"name":"mob\/wandering_trader\/disappeared2","volume":0.04}],"replace":true,"subtitle":"subtitles.entity.wandering_trader.disappeared"},"entity.wandering_trader.drink_milk":{"sounds":[{"name":"mob\/wandering_trader\/drink_milk1","volume":0.05},{"name":"mob\/wandering_trader\/drink_milk2","volume":0.05},{"name":"mob\/wandering_trader\/drink_milk3","volume":0.05},{"name":"mob\/wandering_trader\/drink_milk4","volume":0.05},{"name":"mob\/wandering_trader\/drink_milk5","volume":0.05}],"replace":true,"subtitle":"subtitles.entity.wandering_trader.drink_milk"},"entity.wandering_trader.drink_potion":{"sounds":[{"name":"mob\/wandering_trader\/drink_potion","volume":0.035},{"name":"random\/drink","volume":0.0325}],"replace":true,"subtitle":"subtitles.entity.wandering_trader.drink_potion"},"entity.wandering_trader.hurt":{"sounds":[{"name":"mob\/wandering_trader\/hurt1","volume":0.05},{"name":"mob\/wandering_trader\/hurt2","volume":0.05},{"name":"mob\/wandering_trader\/hurt3","volume":0.05},{"name":"mob\/wandering_trader\/hurt4","volume":0.05}],"replace":true,"subtitle":"subtitles.entity.wandering_trader.hurt"},"entity.wandering_trader.no":{"sounds":[{"name":"mob\/wandering_trader\/no1","volume":0.05},{"name":"mob\/wandering_trader\/no2","volume":0.05},{"name":"mob\/wandering_trader\/no3","volume":0.05},{"name":"mob\/wandering_trader\/no4","volume":0.05},{"name":"mob\/wandering_trader\/no5","volume":0.05}],"replace":true,"subtitle":"subtitles.entity.wandering_trader.no"},"entity.wandering_trader.reappeared":{"sounds":[{"name":"mob\/wandering_trader\/reappeared1","volume":0.04},{"name":"mob\/wandering_trader\/reappeared2","volume":0.04}],"replace":true,"subtitle":"subtitles.entity.wandering_trader.reappeared"},"entity.wandering_trader.trade":{"sounds":[{"name":"mob\/wandering_trader\/haggle1","volume":0.05},{"name":"mob\/wandering_trader\/haggle2","volume":0.05},{"name":"mob\/wandering_trader\/haggle3","volume":0.05}],"replace":true,"subtitle":"subtitles.entity.wandering_trader.trade"},"entity.wandering_trader.yes":{"sounds":[{"name":"mob\/wandering_trader\/yes1","volume":0.05},{"name":"mob\/wandering_trader\/yes2","volume":0.05},{"name":"mob\/wandering_trader\/yes3","volume":0.05},{"name":"mob\/wandering_trader\/yes4","volume":0.05}],"replace":true,"subtitle":"subtitles.entity.wandering_trader.yes"},"entity.wolf.ambient":{"sounds":[{"name":"mob\/wolf\/bark1","volume":0.05},{"name":"mob\/wolf\/bark2","volume":0.05},{"name":"mob\/wolf\/bark3","volume":0.05}],"replace":true,"subtitle":"subtitles.entity.wolf.ambient"},"entity.wolf.death":{"sounds":[{"name":"mob\/wolf\/death","volume":0.05}],"replace":true,"subtitle":"subtitles.entity.wolf.death"},"entity.wolf.growl":{"sounds":[{"name":"mob\/wolf\/growl1","volume":0.05},{"name":"mob\/wolf\/growl2","volume":0.05},{"name":"mob\/wolf\/growl3","volume":0.05}],"replace":true,"subtitle":"subtitles.entity.wolf.growl"},"entity.wolf.howl":{"sounds":[{"name":"mob\/wolf\/howl1","volume":0.05},{"name":"mob\/wolf\/howl2","volume":0.05}]},"entity.wolf.hurt":{"sounds":[{"name":"mob\/wolf\/hurt1","volume":0.05},{"name":"mob\/wolf\/hurt2","volume":0.05},{"name":"mob\/wolf\/hurt3","volume":0.05}],"replace":true,"subtitle":"subtitles.entity.wolf.hurt"},"entity.wolf.pant":{"sounds":[{"name":"mob\/wolf\/panting","volume":0.05}],"replace":true,"subtitle":"subtitles.entity.wolf.ambient"},"entity.wolf.shake":{"sounds":[{"name":"mob\/wolf\/shake","volume":0.05}],"replace":true,"subtitle":"subtitles.entity.wolf.shake"},"entity.wolf.step":{"sounds":[{"name":"mob\/wolf\/step1","volume":0.05},{"name":"mob\/wolf\/step2","volume":0.05},{"name":"mob\/wolf\/step3","volume":0.05},{"name":"mob\/wolf\/step4","volume":0.05},{"name":"mob\/wolf\/step5","volume":0.05}],"replace":true,"subtitle":"subtitles.block.generic.footsteps"},"entity.wolf.whine":{"sounds":[{"name":"mob\/wolf\/whine","volume":0.05}],"replace":true,"subtitle":"subtitles.entity.wolf.ambient"},"entity.cow.ambient":{"sounds":[{"name":"mob\/cow\/say1","volume":0.05},{"name":"mob\/cow\/say2","volume":0.05},{"name":"mob\/cow\/say3","volume":0.05},{"name":"mob\/cow\/say4","volume":0.05}],"replace":true,"subtitle":"subtitles.entity.cow.ambient"},"entity.cow.death":{"sounds":[{"name":"mob\/cow\/hurt1","volume":0.05},{"name":"mob\/cow\/hurt2","volume":0.05},{"name":"mob\/cow\/hurt3","volume":0.05}],"replace":true,"subtitle":"subtitles.entity.cow.death"},"entity.cow.hurt":{"sounds":[{"name":"mob\/cow\/hurt1","volume":0.05},{"name":"mob\/cow\/hurt2","volume":0.05},{"name":"mob\/cow\/hurt3","volume":0.05}],"replace":true,"subtitle":"subtitles.entity.cow.hurt"},"entity.cow.milk":{"sounds":[{"name":"mob\/cow\/milk1","volume":0.05},{"name":"mob\/cow\/milk2","volume":0.05},{"name":"mob\/cow\/milk3","volume":0.05}],"replace":true,"subtitle":"subtitles.entity.cow.milk"},"entity.cow.step":{"sounds":[{"name":"mob\/cow\/step1","volume":0.05},{"name":"mob\/cow\/step2","volume":0.05},{"name":"mob\/cow\/step3","volume":0.05},{"name":"mob\/cow\/step4","volume":0.05}],"replace":true,"subtitle":"subtitles.block.generic.footsteps"},"entity.cat.ambient":{"sounds":[{"name":"mob\/cat\/meow1","volume":0.03},{"name":"mob\/cat\/meow2","volume":0.025},{"name":"mob\/cat\/meow3","volume":0.03},{"name":"mob\/cat\/meow4","volume":0.025}],"replace":true,"subtitle":"subtitles.entity.cat.ambient"},"entity.cat.beg_for_food":{"sounds":[{"name":"mob\/cat\/beg1","volume":0.035},{"name":"mob\/cat\/beg2","volume":0.035},{"name":"mob\/cat\/beg3","volume":0.035}],"replace":true,"subtitle":"subtitles.entity.cat.beg_for_food"},"entity.cat.death":{"sounds":[{"name":"mob\/cat\/hitt1","pitch":0.9,"volume":0.0375},{"name":"mob\/cat\/hitt2","pitch":0.9,"volume":0.0375},{"name":"mob\/cat\/hitt3","pitch":0.9,"volume":0.0375}],"replace":true,"subtitle":"subtitles.entity.cat.death"},"entity.cat.eat":{"sounds":[{"name":"mob\/cat\/eat1","volume":0.05},{"name":"mob\/cat\/eat2","volume":0.05}],"replace":true,"subtitle":"subtitles.entity.cat.eat"},"entity.cat.hiss":{"sounds":[{"name":"mob\/cat\/hiss1","volume":0.02},{"name":"mob\/cat\/hiss2","volume":0.02},{"name":"mob\/cat\/hiss3","volume":0.02}],"replace":true,"subtitle":"subtitles.entity.cat.hiss"},"entity.cat.hurt":{"sounds":[{"name":"mob\/cat\/hitt1","volume":0.0325},{"name":"mob\/cat\/hitt2","volume":0.0325},{"name":"mob\/cat\/hitt3","volume":0.0325}],"replace":true,"subtitle":"subtitles.entity.cat.hurt"},"entity.cat.purr":{"sounds":[{"name":"mob\/cat\/purr1","volume":0.035},{"name":"mob\/cat\/purr2","volume":0.035},{"name":"mob\/cat\/purr3","volume":0.035}],"replace":true,"subtitle":"subtitles.entity.cat.purr"},"entity.cat.purreow":{"sounds":[{"name":"mob\/cat\/purreow1","volume":0.025},{"name":"mob\/cat\/purreow2","volume":0.025}],"replace":true,"subtitle":"subtitles.entity.cat.ambient"},"entity.cat.stray_ambient":{"sounds":[{"name":"mob\/cat\/stray\/idle1","volume":0.0175},{"name":"mob\/cat\/stray\/idle2","volume":0.0175},{"name":"mob\/cat\/stray\/idle3","volume":0.0175},{"name":"mob\/cat\/stray\/idle4","volume":0.0175}],"replace":true,"subtitle":"subtitles.entity.cat.ambient"}}