{
	"format_version": "1.21.6",
	"credit": "Created by Stridey",
	"ambientocclusion": false,
	"textures": {
		"hook": "block/tripwire_hook_block",
		"wire": "block/tripwire",
		"particle": "block/oak_planks"
	},
	"elements": [
		{
			"name": "wire",
			"from": [7, 1.5, 0],
			"to": [9, 1.5, 8],
			"shade": false,
			"light_emission": 4,
			"rotation": {"angle": -22.5, "axis": "x", "origin": [8, 0, 0], "rescale": true},
			"faces": {
				"up": {"uv": [0, 6, 7, 8], "rotation": 90, "texture": "#wire"},
				"down": {"uv": [0, 8, 7, 6], "rotation": 270, "texture": "#wire"}
			}
		},
		{
			"name": "ring",
			"from": [6, 4, 7],
			"to": [10, 5, 11],
			"rotation": {"angle": -22.5, "axis": "x", "origin": [8, 4.2, 6.7]},
			"faces": {
				"north": {"uv": [7, 4, 8, 8], "rotation": 90, "texture": "#hook"},
				"east": {"uv": [7, 4, 8, 8], "rotation": 90, "texture": "#hook"},
				"south": {"uv": [7, 4, 8, 8], "rotation": 90, "texture": "#hook"},
				"west": {"uv": [7, 4, 8, 8], "rotation": 90, "texture": "#hook"},
				"up": {"uv": [1, 3, 5, 7], "texture": "#hook"},
				"down": {"uv": [1, 3, 5, 7], "texture": "#hook"}
			}
		},
		{
			"name": "ring_inner",
			"from": [9, 4, 8],
			"to": [7, 5, 10],
			"rotation": {"angle": -22.5, "axis": "x", "origin": [8, 4.2, 6.7]},
			"faces": {
				"north": {"uv": [7, 2, 8, 4], "rotation": 90, "texture": "#hook"},
				"east": {"uv": [7, 2, 8, 4], "rotation": 90, "texture": "#hook"},
				"south": {"uv": [7, 2, 8, 4], "rotation": 90, "texture": "#hook"},
				"west": {"uv": [7, 2, 8, 4], "rotation": 90, "texture": "#hook"}
			}
		},
		{
			"name": "arm",
			"from": [7, 5, 10],
			"to": [9, 6, 14],
			"faces": {
				"north": {"uv": [2, 9, 4, 10], "texture": "#hook"},
				"east": {"uv": [2, 12, 3, 16], "rotation": 90, "texture": "#hook"},
				"west": {"uv": [3, 12, 4, 16], "rotation": 90, "texture": "#hook"},
				"up": {"uv": [2, 12, 4, 16], "texture": "#hook"},
				"down": {"uv": [2, 12, 4, 16], "rotation": 180, "texture": "#hook"}
			}
		},
		{
			"name": "base",
			"from": [6, 1, 14],
			"to": [10, 9, 16],
			"faces": {
				"north": {"uv": [6, 7, 10, 15], "texture": "#particle"},
				"east": {"uv": [14, 7, 16, 15], "texture": "#particle"},
				"south": {"uv": [6, 7, 10, 15], "texture": "#particle"},
				"west": {"uv": [0, 7, 2, 15], "texture": "#particle"},
				"up": {"uv": [3, 13, 7, 15], "texture": "#particle"},
				"down": {"uv": [3, 13, 7, 15], "texture": "#particle"}
			}
		}
	]
}